.,.,.,.,.,.,.,.,.,.,.,.,.,.,.,.,.,.,.,.,.,.,.,.,#,#,#,.,.,.,.,.,.,.,.,.,.,.,.,.,.,.,.,.,.,.,.,.,.,.
.,.,.,.,.,B,B,.,.,.,.,.,.,.,.,G,G,.,.,.,#,#,.,.,.,.,.,.,.,#,B,#,#,.,.,.,.,.,.,.,.,.,.,.,#,#,#,.,.,.
.,.,.,.,.,B,B,.,.,.,.,.,.,.,.,G,G,#,#,.,.,.,.,.,.,G,G,.,.,B,B,B,.,.,.,.,.,.,.,.,.,.,.,.,#,#,#,.,.,.
.,.,.,.,.,.,.,.,#,#,#,#,B,B,.,G,G,#,#,.,.,.,.,.,.,G,G,.,.,.,.,.,.,.,.,.,.,.,.,.,.,.,#,#,#,#,#,.,.,.
#,#,#,#,.,#,#,#,#,#,#,#,B,B,.,.,.,.,.,.,.,.,.,.,.,G,G,.,.,.,.,.,.,.,.,.,.,.,.,.,.,B,B,.,#,#,#,.,.,#
#,#,#,#,.,#,#,#,#,.,.,B,B,B,.,.,.,.,.,.,.,.,.,#,#,.,.,.,.,.,.,.,.,.,.,.,.,.,.,.,.,B,B,G,G,.,.,.,.,#
#,#,#,#,#,#,#,#,#,.,.,B,B,B,.,.,.,.,.,.,.,.,.,#,#,B,B,B,B,.,.,.,.,.,.,.,.,.,.,.,.,B,B,G,G,.,.,.,.,.
#,#,#,#,#,.,.,#,#,.,#,#,#,.,.,.,.,.,.,.,.,.,.,.,.,B,B,B,B,.,.,.,.,.,.,.,.,.,.,.,.,B,B,.,.,.,.,.,.,.
.,.,.,#,#,.,.,.,.,.,#,#,#,#,#,.,.,.,.,.,.,.,.,.,#,B,B,B,#,#,#,#,.,.,.,.,.,.,.,.,.,.,.,.,.,.,.,.,.,.
.,.,.,#,#,.,.,.,.,.,.,.,#,#,#,.,.,.,.,.,.,.,.,.,#,.,.,.,#,#,#,#,.,.,.,.,.,.,.,Y,Y,Y,S,.,.,.,.,.,.,.
.,.,.,.,.,.,.,.,.,.,.,.,#,#,#,.,.,.,.,.,.,.,.,.,#,.,.,.,#,.,.,.,.,.,.,#,.,.,.,Y,Y,Y,.,.,.,.,.,.,.,.
.,.,.,.,.,.,.,.,.,.,.,.,#,#,#,.,.,.,.,#,#,#,#,.,#,.,.,.,#,.,.,.,.,.,.,.,.,.,.,Y,Y,Y,.,.,.,.,.,.,.,#
.,.,.,.,.,.,.,.,.,.,.,.,.,.,#,#,#,#,.,#,#,#,#,.,.,.,#,#,.,.,.,.,.,.,.,#,#,.,.,Y,Y,Y,.,.,.,B,B,.,.,.
.,.,.,.,.,.,.,.,.,.,.,.,.,.,#,#,#,#,B,#,#,#,#,B,B,.,#,#,.,.,.,.,.,.,.,#,#,.,.,.,.,.,.,.,.,B,B,.,.,.
.,.,.,.,.,.,.,.,.,.,G,G,G,G,#,#,#,#,B,#,#,#,#,#,#,#,#,#,.,.,.,.,Y,Y,Y,Y,.,.,.,.,.,.,.,.,.,.,.,.,.,.
.,.,.,.,.,#,#,.,.,.,G,G,G,G,#,#,#,#,.,#,#,#,.,#,#,#,.,.,.,.,.,.,#,#,#,Y,.,.,.,.,.,.,.,.,.,.,.,.,#,#
.,.,.,.,.,.,.,.,.,.,G,G,G,G,.,.,.,.,.,#,#,#,.,.,.,.,.,#,#,.,.,.,.,.,.,.,.,.,.,.,.,.,.,.,.,.,.,.,.,#
.,.,.,.,.,.,.,G,G,G,.,.,.,.,.,.,.,.,.,#,#,#,.,.,Y,Y,Y,#,#,.,.,.,.,.,.,.,#,#,#,#,.,.,.,.,.,.,.,.,.,.
.,G,G,G,G,.,.,G,G,G,B,B,B,B,.,.,.,.,.,.,.,.,.,.,Y,Y,Y,#,#,.,.,.,.,.,.,.,#,#,#,#,.,.,.,.,.,.,.,.,.,.
.,G,G,G,G,.,.,.,.,.,#,#,#,B,.,.,.,.,.,.,.,.,.,.,Y,Y,Y,Y,.,.,.,.,.,B,B,B,#,#,#,#,.,.,.,.,.,Y,Y,.,.,.
.,G,G,G,G,.,.,.,.,.,#,#,#,B,.,.,.,Y,Y,Y,Y,#,#,#,#,Y,Y,Y,.,.,.,.,.,B,B,B,#,#,#,#,G,G,G,G,.,Y,Y,.,.,.
.,.,.,.,.,.,.,#,Y,Y,Y,.,#,.,#,#,#,#,Y,Y,Y,#,#,#,#,.,Y,Y,Y,.,.,.,.,.,.,.,.,.,.,.,G,G,G,#,.,Y,Y,#,#,.
.,.,.,.,.,.,.,#,Y,Y,Y,.,#,.,#,#,#,#,Y,Y,Y,#,#,#,#,.,Y,Y,Y,.,.,.,.,.,.,.,.,.,.,.,.,.,#,#,#,Y,Y,#,#,.
.,.,.,.,.,.,.,#,.,.,.,.,.,.,#,#,#,#,.,.,.,#,#,.,.,.,Y,Y,Y,Y,.,.,.,.,.,.,.,.,.,.,.,.,.,.,.,.,.,#,#,.
.,.,.,.,.,.,.,#,.,.,.,.,.,.,.,.,.,.,.,.,.,.,.,.,.,.,Y,Y,Y,Y,.,.,.,.,.,.,.,.,.,.,#,#,#,.,.,.,#,#,#,#
.,.,.,.,.,.,.,.,.,.,.,.,.,.,#,#,#,.,.,.,G,G,.,.,.,.,B,B,Y,Y,.,.,.,.,.,.,#,#,.,.,#,#,#,.,.,.,#,#,#,#
.,.,.,.,.,.,.,.,.,.,.,.,.,.,#,#,#,.,.,.,G,G,.,.,.,.,B,B,Y,Y,.,#,#,#,#,.,#,#,Y,Y,#,#,#,.,.,.,#,#,#,#
.,Y,Y,.,.,.,.,.,.,.,.,#,#,#,.,.,.,.,.,.,G,G,.,.,.,.,B,B,.,.,.,#,#,#,#,.,#,#,Y,Y,#,#,#,#,#,#,#,#,#,#
G,Y,Y,.,.,.,.,.,.,.,.,#,#,#,.,.,#,#,.,.,.,.,.,#,.,.,.,.,.,.,.,#,#,#,#,.,.,.,Y,Y,Y,Y,#,#,#,#,.,.,.,.
G,#,#,#,#,.,.,#,#,#,.,#,#,#,.,.,.,.,.,.,.,.,.,#,.,.,.,.,.,.,.,#,#,#,#,.,.,.,Y,Y,Y,Y,#,#,#,#,.,.,.,.
G,#,#,#,#,.,.,#,#,#,#,#,.,Y,Y,Y,Y,.,.,.,.,.,.,.,.,.,.,.,.,.,.,#,.,.,.,.,.,#,.,Y,Y,.,#,#,#,#,.,.,.,.
G,#,#,#,#,.,.,#,#,#,#,#,#,#,#,Y,Y,.,.,.,.,.,.,.,.,.,#,#,#,#,.,#,.,.,#,#,.,.,.,.,.,.,.,.,.,.,.,.,.,.
.,.,.,.,.,.,.,#,#,#,#,#,.,.,.,.,.,.,.,.,.,.,.,.,.,.,#,#,#,#,.,.,.,.,.,.,.,.,.,.,B,B,B,#,#,.,.,.,Y,Y
.,.,.,.,.,.,.,.,.,.,.,.,.,.,.,.,.,.,.,.,.,.,.,.,.,.,.,.,.,.,.,.,.,.,.,.,.,.,.,.,B,B,B,B,.,.,.,.,Y,Y
.,.,.,.,Y,Y,Y,#,.,.,.,.,.,.,.,.,.,.,.,.,.,.,.,.,.,.,.,.,#,#,#,#,#,#,#,.,.,.,.,.,.,.,.,.,.,.,.,.,.,.
.,.,.,.,Y,Y,Y,Y,.,.,.,.,.,.,.,.,.,.,.,#,#,.,.,.,.,.,.,.,#,#,#,#,#,#,#,.,.,.,.,.,.,.,#,#,#,.,.,.,.,.
.,.,.,.,Y,#,#,#,.,.,.,.,#,#,.,.,.,.,.,#,#,.,.,.,.,.,.,.,.,.,.,.,#,#,#,.,.,.,.,.,.,.,#,#,#,.,.,.,.,.
.,.,.,.,.,#,#,#,.,.,.,.,#,#,#,#,#,.,.,#,#,#,#,G,.,.,.,.,.,.,.,.,.,.,.,.,.,.,.,.,.,.,#,#,#,#,.,.,.,.
.,.,.,.,Y,#,#,#,#,#,.,.,#,#,.,.,.,.,#,.,G,G,G,G,.,.,.,.,.,.,.,.,.,.,.,.,.,.,.,.,.,.,#,#,#,.,.,.,.,.
.,.,.,#,#,#,Y,.,.,.,.,.,.,.,.,.,.,.,.,.,G,G,G,G,.,.,.,.,.,.,.,.,.,.,.,.,.,.,.,.,.,.,G,G,G,.,.,.,.,.
.,.,.,#,#,#,#,.,.,.,.,.,.,G,G,.,.,.,.,.,G,G,G,G,.,.,.,.,.,.,.,.,.,.,.,.,.,.,.,.,.,.,G,G,#,#,#,#,.,.
.,.,.,.,Y,Y,Y,.,.,.,.,.,.,G,G,.,.,.,.,.,Y,Y,.,.,.,.,.,#,#,#,.,.,.,.,.,.,.,#,#,.,.,.,.,.,#,#,#,#,.,.
.,.,.,.,.,.,.,#,.,.,.,.,.,.,.,.,.,.,.,#,#,Y,.,.,.,.,.,#,#,#,.,.,.,.,.,.,.,#,#,.,.,.,.,.,.,.,.,.,.,.
.,.,.,.,.,.,.,.,.,.,B,B,B,B,.,.,.,.,.,#,#,Y,.,.,.,.,.,#,#,#,.,.,.,.,.,.,.,#,#,#,#,.,.,.,.,.,.,.,.,.
.,.,.,.,G,G,G,.,.,.,B,B,B,B,.,.,.,.,.,.,.,.,.,.,.,.,.,.,.,.,.,.,.,.,.,.,.,.,.,#,#,.,.,.,.,.,.,.,.,#
.,.,.,.,G,G,G,.,.,.,B,B,B,B,G,G,G,G,.,.,.,.,.,.,.,.,.,.,.,.,.,.,.,.,.,.,.,.,.,#,#,.,#,.,.,.,#,#,#,#
.,.,.,.,G,G,G,.,.,.,G,G,G,G,G,G,G,G,.,.,.,.,.,.,.,.,.,.,.,.,.,.,.,.,.,.,.,.,#,B,B,B,#,.,.,.,#,#,#,#
.,.,.,.,.,.,.,.,.,.,.,.,.,.,G,G,G,G,.,.,.,.,.,.,.,.,.,.,.,.,.,.,.,.,.,.,.,.,#,B,G,G,B,.,.,#,#,#,#,#
.,.,.,.,.,.,.,.,.,.,.,#,#,.,.,.,.,.,.,.,.,.,.,.,.,.,.,Y,Y,Y,Y,.,.,.,.,.,.,.,#,B,G,G,B,#,.,#,#,#,#,.
.,.,.,.,.,.,.,.,.,.,.,#,#,.,.,.,.,.,.,.,#,.,.,.,.,.,.,Y,Y,Y,Y,.,.,.,.,.,.,.,#,B,B,#,#,#,.,.,.,.,.,.
