.,.,#,.,.,.,.,.,.,.,.,.,.,.,.,#,#,#,#,.,.,.,.,.,.,.,.,.,.,.,.,.,.,.,.,.,.,.,.,.,.,.,.,.,.,.,.,.,.,.
.,.,.,.,.,.,.,.,.,.,.,.,.,#,#,#,#,#,#,.,.,.,.,.,.,.,.,.,.,.,.,.,.,#,#,#,#,.,.,.,.,.,.,.,.,.,.,.,.,.
.,.,.,.,.,.,.,.,.,.,.,.,.,.,.,#,#,#,#,#,.,.,.,.,.,.,.,.,.,.,.,.,.,#,#,#,#,.,.,.,.,.,.,.,.,.,.,.,.,.
.,.,.,.,.,.,.,.,.,Y,#,#,.,.,.,.,.,#,.,.,.,.,.,.,.,.,.,.,.,.,.,.,.,#,#,#,#,.,.,.,.,.,.,.,.,.,.,.,.,.
.,.,.,.,.,.,.,.,.,Y,Y,.,.,.,Y,Y,.,.,.,.,.,.,#,.,.,.,.,.,.,.,.,.,.,.,.,.,.,.,#,#,#,#,.,.,.,.,.,.,.,.
.,.,.,.,.,.,.,.,.,Y,Y,.,.,.,Y,Y,.,.,.,.,.,.,#,.,.,.,.,.,.,.,.,.,.,#,#,#,B,B,#,#,#,#,.,.,.,#,.,.,.,.
.,.,B,B,B,.,.,.,.,Y,Y,.,.,.,Y,Y,.,.,.,.,.,.,#,.,.,.,.,B,B,B,B,.,.,#,#,#,B,B,.,.,.,.,.,.,.,#,.,.,.,.
Y,Y,Y,Y,B,Y,.,.,.,.,.,.,.,.,Y,Y,.,.,.,.,.,.,.,.,.,.,.,B,B,B,B,.,.,#,#,#,#,B,.,.,.,#,#,#,#,.,.,.,.,.
Y,Y,Y,Y,Y,Y,.,.,.,.,.,.,.,.,.,.,.,.,.,.,.,.,.,.,.,.,Y,Y,.,.,.,.,.,#,#,#,Y,Y,.,.,.,.,.,.,.,.,.,.,.,.
.,.,.,.,.,.,.,G,G,G,B,B,B,.,.,.,.,.,.,.,.,.,.,.,.,.,Y,Y,.,.,.,.,.,.,#,#,#,#,.,.,.,.,.,.,.,.,.,.,.,.
.,.,.,.,.,.,.,G,G,G,B,B,B,.,.,.,.,.,.,.,.,.,.,.,.,.,.,.,.,.,.,.,.,.,#,#,#,#,.,.,.,.,.,.,.,.,.,#,#,#
.,.,.,.,.,#,#,#,.,B,B,B,B,.,.,.,.,.,.,.,.,.,.,.,.,G,G,G,G,.,.,.,.,.,.,.,.,.,.,.,.,.,.,.,.,.,.,#,#,#
.,.,.,.,.,#,#,#,.,.,.,.,.,.,.,.,.,.,#,#,#,.,.,.,.,#,#,#,G,.,.,.,.,.,.,.,.,.,.,.,.,.,.,.,.,.,.,#,#,#
.,.,.,.,.,.,.,.,.,.,.,.,.,.,.,.,.,.,#,#,#,.,.,.,.,#,#,#,G,.,.,.,.,.,.,.,.,.,.,.,.,.,.,#,.,.,.,.,.,.
.,.,.,.,.,.,.,.,.,.,.,.,.,#,#,#,.,.,#,#,#,.,G,G,G,#,#,#,G,.,.,.,.,.,B,B,B,B,.,.,.,.,.,.,.,.,.,.,.,.
.,.,.,.,.,.,.,.,.,.,.,.,.,#,#,#,.,.,.,.,.,.,#,G,G,.,.,.,.,.,.,.,.,.,B,B,B,B,.,.,.,.,.,.,.,.,.,#,#,#
.,.,.,.,.,.,.,.,.,.,.,.,.,.,.,.,.,.,.,.,.,.,#,G,G,#,#,.,G,G,.,.,.,.,.,.,.,.,.,.,.,.,.,.,.,.,.,#,#,#
.,.,.,.,.,.,.,.,.,.,.,.,.,.,.,.,.,.,.,.,.,.,.,.,.,.,.,.,G,G,.,.,.,.,.,.,.,.,.,.,.,#,#,#,.,.,.,#,#,#
.,.,.,.,.,.,.,.,.,.,.,.,.,.,.,.,.,.,.,.,.,#,#,#,#,.,.,.,G,G,.,.,.,#,#,#,#,.,.,.,.,#,#,#,.,.,.,.,.,.
.,.,.,#,.,.,.,.,.,.,.,.,.,.,.,.,.,.,.,.,.,#,#,#,#,.,.,.,G,G,.,.,.,#,#,#,#,.,.,.,.,#,#,#,.,.,.,.,.,.
.,.,.,#,.,.,.,.,.,.,.,.,.,.,.,B,B,B,#,#,.,#,.,.,.,.,.,.,.,.,.,.,.,#,#,#,#,.,.,.,.,#,#,#,.,.,.,.,.,.
#,#,#,#,.,.,.,.,.,.,G,#,#,.,.,B,B,B,#,#,G,#,G,.,.,.,.,.,.,.,.,.,.,#,#,#,#,.,#,#,#,#,.,G,G,G,G,.,.,.
#,#,#,#,Y,Y,Y,Y,.,.,G,#,#,.,.,B,B,B,#,#,G,#,G,.,.,.,#,#,.,.,Y,Y,Y,.,.,.,.,.,#,#,#,#,.,G,G,G,G,.,.,.
#,#,#,#,Y,Y,Y,Y,.,.,G,#,#,.,.,.,.,.,.,.,G,#,G,.,.,.,.,.,.,.,Y,Y,Y,.,.,.,.,.,#,#,#,#,.,.,.,.,.,G,G,.
#,#,#,#,Y,#,Y,Y,#,#,#,#,#,.,.,.,.,.,.,.,G,G,B,B,B,.,#,#,#,#,.,.,.,.,.,.,.,.,.,.,.,.,.,.,.,.,.,G,G,.
Y,Y,.,.,Y,Y,Y,Y,.,.,.,.,.,.,.,.,#,Y,Y,.,.,.,B,B,B,B,#,#,#,#,.,.,.,.,.,.,.,.,#,.,.,.,.,.,.,.,.,G,G,.
Y,Y,.,.,.,.,.,.,.,#,#,#,.,.,.,.,Y,Y,Y,.,.,.,.,B,B,B,.,.,.,.,.,.,.,.,.,.,.,.,#,.,.,.,Y,Y,Y,.,.,G,G,.
.,.,.,.,.,.,#,#,.,#,#,#,#,#,#,#,.,.,.,.,.,.,.,B,B,#,.,.,.,.,.,.,.,.,.,.,.,.,.,.,.,G,Y,Y,Y,.,.,.,.,.
.,.,.,.,.,.,#,#,.,#,#,#,#,#,#,#,B,B,.,.,.,.,.,.,.,#,.,.,#,#,#,.,.,.,.,.,.,.,.,.,.,G,Y,Y,Y,.,.,.,.,.
.,.,.,.,.,.,#,#,.,#,#,#,#,#,#,#,B,B,#,#,#,#,#,.,.,#,.,.,.,#,Y,Y,.,.,.,.,.,.,.,.,.,.,.,.,.,.,.,#,#,#
.,.,.,#,#,.,#,#,.,.,.,.,#,#,#,#,B,B,#,#,#,#,#,.,.,.,.,.,.,Y,Y,Y,.,.,.,#,#,#,#,.,.,.,.,Y,Y,Y,.,#,#,#
.,.,.,#,#,.,.,.,.,.,.,.,.,.,B,B,B,B,#,#,#,#,#,.,.,.,.,.,.,Y,Y,Y,.,.,.,#,#,#,#,.,.,.,.,Y,Y,Y,.,#,#,.
.,.,.,#,#,.,.,.,Y,Y,.,.,.,.,.,.,.,.,.,#,#,#,#,.,.,.,.,.,.,Y,Y,Y,.,.,.,#,#,#,#,.,.,.,.,Y,Y,Y,.,#,#,.
.,.,.,.,#,#,#,.,Y,Y,.,.,.,.,.,.,.,.,.,#,#,G,G,.,.,.,.,.,.,.,.,.,.,.,.,.,.,.,.,.,.,.,.,.,.,.,#,#,#,.
.,.,.,.,#,#,#,.,.,.,.,.,.,.,.,.,#,#,.,B,B,.,.,.,.,.,.,.,#,#,#,#,.,.,.,.,.,.,.,.,.,.,.,.,.,.,#,#,#,.
.,.,Y,Y,Y,.,.,.,.,.,.,.,.,.,.,.,#,#,.,B,B,.,.,#,#,#,#,.,.,.,.,.,.,.,.,.,#,#,#,#,.,.,.,.,.,.,#,#,#,.
.,.,Y,#,#,.,.,.,.,.,.,.,.,.,.,.,#,#,.,.,.,.,.,#,#,#,#,.,.,.,.,.,.,.,.,.,#,#,#,#,.,.,G,G,G,G,.,.,.,.
.,.,Y,#,#,.,.,.,S,.,.,.,.,.,.,.,#,#,.,.,.,.,.,#,#,#,#,.,.,.,.,.,.,.,.,.,.,.,.,.,.,#,G,G,Y,Y,Y,Y,.,.
.,#,Y,Y,Y,B,B,B,B,.,.,.,.,.,.,.,G,#,#,#,.,.,.,.,.,.,.,.,.,.,.,.,.,.,.,.,.,.,.,.,.,.,.,.,Y,Y,Y,Y,.,.
.,#,Y,Y,.,#,#,#,#,.,.,.,.,.,.,.,G,#,#,#,.,.,.,.,.,.,.,.,.,.,.,.,.,.,.,.,.,.,.,.,.,.,.,.,#,#,Y,Y,.,.
.,#,.,.,.,#,#,#,#,.,.,.,.,#,#,Y,Y,#,#,#,#,#,#,#,.,.,.,.,.,.,.,.,.,.,#,#,#,#,.,.,.,.,.,.,#,#,Y,Y,.,.
.,.,B,#,#,#,#,#,#,.,.,.,.,#,#,Y,Y,.,.,.,#,#,#,#,.,.,.,.,.,.,.,.,.,.,#,#,#,#,.,.,.,.,.,.,.,.,.,.,.,.
.,.,B,B,#,#,#,#,#,#,.,.,G,G,G,G,.,.,.,.,#,#,#,#,Y,.,.,.,.,.,.,.,.,.,#,#,#,#,.,.,.,.,.,.,.,.,.,.,.,.
.,.,.,.,#,#,#,#,.,.,.,.,G,G,G,G,.,.,.,.,#,#,#,#,#,.,.,.,.,.,.,.,.,.,#,#,#,#,Y,Y,Y,Y,.,.,.,.,.,.,.,.
.,.,.,.,.,.,#,#,#,#,#,.,.,.,.,.,.,.,#,.,.,#,#,#,#,.,.,.,.,.,.,#,#,#,#,#,#,#,Y,Y,Y,Y,.,.,.,.,.,.,.,.
.,.,.,.,.,.,#,#,#,#,#,.,.,.,#,#,#,#,.,.,.,#,#,#,#,.,.,.,.,.,.,#,#,#,#,#,#,#,Y,Y,Y,Y,#,.,.,.,.,.,.,.
.,.,.,.,.,.,#,#,.,.,.,.,.,.,#,#,#,#,#,#,#,G,.,.,.,.,#,#,#,#,.,#,#,#,G,G,.,.,.,.,.,.,#,.,.,.,.,.,.,.
.,.,.,.,.,#,#,.,.,.,.,.,.,.,#,#,#,#,.,.,G,G,.,.,.,.,#,#,#,#,.,.,G,G,G,G,.,.,.,.,.,#,#,#,#,.,.,.,G,G
.,.,.,.,.,.,.,.,.,.,.,.,.,.,#,#,#,#,#,.,#,#,.,.,.,.,#,#,#,#,.,.,G,G,G,G,.,.,.,.,.,#,#,#,#,.,.,.,G,G
.,.,#,#,.,.,.,.,.,.,.,#,#,#,.,.,.,#,#,.,#,#,.,.,.,.,.,.,.,.,.,.,.,.,.,.,#,#,#,#,.,#,#,#,#,.,.,.,.,.
