.,.,.,.,.,.,.,#,.,Y,Y,#,#,#,#,.,.,.,.,.,#,#,#,.,.,.,.,.,.,Y,Y,Y,Y,.,.,.,.,.,.,.,.,.,.,.,.,.,.,.,.,.
.,.,.,.,.,.,.,.,.,Y,#,#,#,#,#,#,.,.,.,.,#,#,#,Y,.,.,.,.,#,#,#,#,Y,.,#,#,#,.,.,.,.,.,.,Y,Y,Y,.,.,.,.
.,.,.,G,G,G,G,.,.,Y,Y,#,#,#,#,#,.,.,.,.,#,#,#,Y,.,.,.,.,#,#,#,#,.,.,#,#,#,#,.,.,.,G,#,#,#,#,.,.,.,.
.,.,G,G,G,G,G,.,.,.,.,.,.,.,.,#,.,.,.,.,.,.,.,.,.,.,.,.,.,.,.,.,.,.,#,#,#,#,.,.,.,G,#,#,.,.,.,.,.,.
.,.,#,#,#,.,.,.,.,.,.,.,.,.,.,.,#,#,#,#,#,.,.,.,.,.,.,.,.,.,.,.,.,.,#,#,#,.,.,#,#,#,#,.,.,.,.,.,#,.
#,#,#,#,.,#,.,.,.,.,.,.,#,.,.,.,#,#,#,#,#,#,#,#,.,.,.,.,.,.,.,.,#,.,.,.,.,.,.,.,.,G,G,.,.,.,.,.,#,.
#,#,#,#,.,#,.,.,.,.,.,.,.,.,.,#,#,#,#,#,#,#,#,#,#,#,.,.,.,.,.,.,#,.,.,.,.,#,#,.,B,B,B,.,.,.,.,.,#,G
.,.,.,.,.,#,.,.,.,.,.,.,.,.,.,#,#,#,#,#,#,#,#,#,.,.,.,.,.,.,.,.,.,.,.,.,.,#,#,.,B,B,#,#,#,.,.,.,#,G
.,#,#,#,#,#,B,B,.,.,.,.,.,.,.,#,#,.,.,.,.,#,#,#,.,#,#,#,.,.,.,.,.,Y,Y,Y,Y,.,.,.,.,.,#,#,#,.,.,Y,Y,G
.,#,#,#,#,B,#,B,.,.,.,.,.,.,.,#,#,.,.,.,.,.,.,.,.,.,.,.,.,.,.,.,.,Y,Y,Y,Y,.,.,.,.,.,#,#,.,.,#,#,Y,G
.,.,.,.,.,.,#,.,.,.,.,.,.,.,.,Y,Y,Y,.,.,.,.,.,.,.,.,.,.,.,.,.,.,.,Y,Y,Y,Y,.,.,.,.,.,#,#,.,.,.,.,.,.
.,.,.,.,.,.,#,.,.,#,#,#,.,.,.,Y,Y,Y,.,.,.,.,.,.,.,.,B,B,B,.,.,.,.,.,.,.,.,.,.,.,.,.,#,#,.,.,.,.,.,.
.,.,.,.,.,.,#,.,.,#,#,#,.,.,#,#,#,Y,.,.,.,B,B,B,B,.,B,B,B,.,.,.,S,.,.,.,#,#,#,.,#,#,#,#,.,.,.,.,.,.
.,.,.,.,.,.,.,.,.,#,#,#,.,#,#,#,#,Y,.,.,.,B,B,B,B,.,B,B,B,.,.,.,.,.,.,.,.,.,.,.,#,#,#,#,.,.,.,.,.,.
.,.,.,.,.,.,#,#,#,#,.,.,.,#,#,#,#,.,#,#,.,B,B,B,B,.,.,.,.,.,.,.,.,.,.,.,.,.,.,.,#,#,#,#,.,.,.,.,.,.
.,.,.,.,.,.,.,.,.,.,.,.,.,.,#,#,#,.,#,#,#,#,.,.,.,.,.,.,.,.,.,.,.,.,.,.,.,.,.,.,.,.,.,.,.,.,.,.,.,.
.,.,.,.,.,.,.,.,.,.,.,.,#,#,#,#,.,.,#,#,#,#,#,.,.,.,#,#,#,#,.,.,.,.,.,.,.,.,.,.,#,.,B,B,B,.,.,#,.,.
.,.,.,.,.,.,#,.,.,.,.,.,#,#,#,#,.,.,.,.,.,#,#,.,#,#,#,#,#,#,.,.,.,.,.,.,.,.,.,.,#,#,#,#,B,.,.,.,.,.
.,.,.,.,.,.,.,.,.,.,.,.,#,#,#,#,.,.,.,.,.,.,.,.,.,.,#,#,#,#,.,.,.,.,.,.,.,.,.,.,#,#,#,#,.,.,.,.,.,.
.,.,#,#,#,.,#,#,#,.,.,.,#,#,#,#,.,.,.,.,.,.,.,.,.,.,#,#,#,#,.,.,.,#,#,.,.,.,.,.,#,#,#,#,.,.,.,.,.,.
.,.,.,.,.,.,#,#,#,.,.,.,.,.,.,.,.,.,.,.,.,Y,Y,Y,Y,.,#,.,Y,Y,Y,.,.,#,#,.,.,.,.,.,.,.,.,.,.,.,.,.,.,.
.,.,.,.,.,#,#,#,#,#,.,.,.,#,#,.,.,.,.,.,.,Y,Y,Y,Y,.,#,.,Y,Y,Y,.,B,#,#,B,.,.,.,.,.,.,.,.,.,.,#,#,.,.
.,.,.,.,.,#,#,#,#,#,.,.,.,#,#,#,#,#,.,.,#,#,Y,Y,Y,.,.,.,Y,Y,Y,.,B,B,B,B,.,.,.,.,.,.,.,.,.,.,#,#,#,#
.,.,.,.,.,#,#,#,#,#,.,.,.,.,#,#,#,#,.,.,#,#,Y,Y,Y,.,.,.,Y,Y,Y,.,.,Y,Y,Y,#,#,#,.,.,.,.,.,.,.,.,.,.,.
.,.,.,.,#,#,#,#,#,.,.,.,.,.,.,#,.,.,.,.,#,#,.,.,.,.,Y,Y,Y,.,.,.,.,Y,Y,Y,#,#,#,.,.,.,.,.,.,.,.,.,.,.
.,.,.,.,.,.,#,.,#,#,#,#,.,.,.,#,.,.,.,.,#,#,.,.,.,.,Y,Y,Y,B,B,B,.,#,#,#,#,#,#,.,.,.,.,.,.,.,.,.,B,B
.,.,.,.,#,#,#,#,#,#,#,#,.,.,.,.,.,.,.,.,.,.,.,.,.,.,Y,Y,Y,B,B,B,.,.,.,.,.,.,.,.,.,.,.,.,.,.,.,.,#,#
Y,Y,Y,.,#,#,#,#,#,#,#,#,.,.,.,.,.,.,.,.,G,G,G,G,.,.,Y,Y,Y,B,B,B,.,.,.,.,.,.,.,.,.,#,#,#,#,.,.,G,#,#
Y,Y,Y,.,.,.,#,#,#,#,#,.,.,.,.,.,.,.,#,.,G,G,G,G,.,.,.,.,.,.,.,.,.,.,G,G,G,.,.,.,.,.,.,.,.,.,.,G,#,#
Y,Y,Y,.,.,.,#,#,#,#,#,.,.,.,.,.,.,.,#,.,.,.,.,.,.,.,.,.,.,.,.,.,.,.,G,G,G,.,.,.,.,.,.,.,.,.,.,G,#,#
.,.,.,.,.,.,.,#,#,#,#,#,#,#,#,#,#,.,#,.,.,.,.,.,.,.,Y,Y,Y,Y,.,.,.,.,G,G,G,Y,.,.,.,.,.,.,.,.,.,G,G,.
.,.,.,.,B,B,#,#,#,.,.,#,#,#,#,#,#,.,#,.,.,.,.,.,.,.,Y,Y,Y,#,#,#,#,.,Y,Y,Y,#,#,#,.,.,.,.,.,#,.,.,.,.
.,.,.,.,B,B,#,#,#,#,#,#,#,#,#,#,#,.,.,#,#,#,#,.,.,.,Y,Y,Y,Y,.,B,B,.,.,.,.,.,.,.,.,.,.,.,.,.,.,.,.,.
.,.,.,.,B,B,#,#,#,#,#,#,#,#,.,.,.,.,.,#,#,#,#,.,.,.,Y,Y,Y,Y,.,B,B,.,.,.,.,.,.,.,#,#,.,.,.,.,.,.,.,.
.,.,.,.,.,.,.,.,#,#,#,#,.,.,.,.,.,.,.,.,.,.,#,.,.,.,.,.,.,.,.,B,#,.,.,.,.,.,.,.,#,#,.,.,.,#,#,#,.,.
.,#,#,#,#,.,.,.,.,.,.,.,.,.,.,.,#,#,#,#,#,.,.,.,.,.,.,.,.,.,.,B,#,.,.,.,.,.,.,.,#,#,.,.,.,#,#,#,.,.
.,.,.,.,.,.,.,.,.,#,#,.,.,.,.,.,#,.,.,.,.,.,.,.,.,.,.,.,.,.,.,.,#,.,.,.,.,B,B,B,#,#,.,.,.,#,#,#,.,.
.,.,.,#,.,.,.,.,.,#,#,.,.,.,.,.,#,.,.,.,G,G,.,.,.,.,.,.,.,.,#,#,.,.,.,.,.,B,B,B,B,.,.,.,.,#,#,#,.,.
.,.,.,#,.,.,.,.,.,#,#,.,.,.,.,.,.,.,.,.,G,G,.,.,.,.,.,.,.,.,.,.,.,.,.,.,.,B,B,B,B,.,.,.,.,.,.,.,.,.
.,.,.,.,.,.,.,.,.,#,#,#,#,.,.,.,#,#,#,.,.,.,.,.,.,.,.,.,.,.,.,.,.,.,B,B,B,B,.,.,.,B,B,B,B,.,.,.,.,.
.,.,.,.,.,.,.,.,.,.,#,#,#,.,.,.,#,#,#,.,.,.,.,.,.,.,.,.,.,.,.,#,.,.,B,B,B,B,.,.,.,B,B,B,B,.,.,.,.,.
.,.,.,.,.,.,.,.,.,.,#,#,#,#,#,#,.,.,.,.,.,.,B,B,#,#,#,#,.,.,.,#,.,#,#,B,Y,Y,Y,.,.,B,B,B,B,.,#,#,#,#
.,.,.,.,.,.,.,.,.,.,#,#,#,.,.,.,.,.,.,.,.,.,B,B,.,.,#,.,.,.,.,#,.,#,#,B,Y,Y,Y,.,.,.,.,.,#,#,#,#,.,.
.,.,.,.,.,.,.,.,.,.,.,.,.,.,.,.,#,#,#,.,.,.,B,B,.,.,.,.,.,.,.,.,.,#,#,B,Y,Y,Y,.,.,.,.,.,#,#,#,#,.,.
.,.,.,.,.,.,.,.,.,.,.,.,.,#,#,#,#,G,G,.,.,.,B,B,.,.,.,.,#,#,#,.,.,#,#,B,B,B,B,.,#,#,#,#,#,#,#,#,.,.
.,.,G,G,G,.,.,.,.,.,.,G,G,#,#,#,#,G,G,.,.,.,.,.,.,.,.,.,#,#,#,.,.,.,#,#,#,#,#,#,#,#,#,#,.,.,.,.,.,.
.,#,#,G,G,.,.,.,.,.,.,G,G,#,#,#,#,.,.,.,.,.,.,.,.,G,G,G,.,#,#,.,.,.,#,#,#,#,#,#,.,.,.,.,.,.,.,.,.,.
.,.,.,.,.,.,.,.,.,.,.,G,#,#,#,#,#,.,.,.,.,.,.,.,.,G,G,G,.,#,#,#,#,#,.,.,#,#,#,#,.,.,#,.,.,.,Y,Y,Y,.
.,.,.,.,.,#,.,.,.,.,.,.,#,#,#,#,#,Y,.,.,.,Y,Y,Y,.,.,.,Y,Y,.,.,.,.,.,.,.,.,Y,Y,.,.,.,#,.,.,.,Y,Y,Y,.
.,.,.,.,.,#,.,.,.,#,#,#,#,.,B,B,B,Y,.,.,.,Y,Y,Y,.,.,.,Y,Y,.,.,.,.,.,.,.,.,Y,Y,.,.,.,#,.,.,.,#,#,#,.
